#,Qual é o teu Código Postal? ,A que faixa etária pertences?,Há quanto tempo vives no teu bairro?,Que transporte utilizas?,Como é o acesso aos transportes públicos no teu bairro?,A rede de transportes públicos no teu bairro é:,A frequência de transportes públicos no teu bairro é:,É fácil e rápido deslocares-te de carro no teu bairro?,O trânsito no teu bairro é:,O teu bairro tem bons acessos às principais estradas?,É fácil encontrar estacionamento no teu bairro?,Existe uma boa variedade de cafés/restaurantes no teu bairro?,Existe uma boa variedade de supermercados no teu bairro?,Existe uma boa qualidade de supermercados no teu bairro?,Existe uma boa variedade de comércio local no teu bairro?,Existe pelo menos uma farmácia no teu bairro?,Existem escolas de qualidade no teu bairro?,"Existe uma boa oferta de atividades lúdicas (cinemas, teatros, etc.) no teu bairro?",Existem zonas verdes suficientes no teu bairro?,As zonas verdes no teu bairro estão bem cuidadas ?,Sentes-te seguro(a) no teu bairro?,Com que frequência ocorrem crimes no teu bairro?,Com que frequência ocorrem acidentes rodoviários no teu bairro?,Com que frequência ocorrem atos de vandalismo no teu bairro?,Existem pontos de recolha de resíduos suficientes no teu bairro?,A frequência da recolha de resíduos é:,O estado de higiene urbana (ruas e parques) no teu bairro é:,Consideras que o teu bairro é uma zona:,Consideras o crescimento do teu bairro:,Response Type,Start Date (UTC),Stage Date (UTC),Submit Date (UTC),Network ID,Tags,clean_postal_code,Postal Code,Latitude,Longitude,cluster
beyi4u3hdg3wulwbnbeyit9ge41lqdh0,2650-388,20-29 anos,11 a 20 anos,0,0.0,0.0,0.0,0.0,0.0,0.0,0.0,0.0,0.0,0.0,0.0,0.0,0.0,0.0,0.0,0.0,0.0,0.0,0.0,0.0,0.0,0,0.0,0,,completed,2025-04-29 09:50:27,,2025-04-29 09:53:21,d4ef7c9143,,2650-388,2650-388,38.767689,-9.219736,966.0
rdzx8fmc09ni78vs8mrdzx8fi8zyiiwx,2765-001,30-49 anos,Menos de 1 ano,1,,,,0.0,0.0,0.0,1.0,1.0,1.0,1.0,1.0,0.0,1.0,1.0,0.0,0.0,0.0,1.0,1.0,1.0,1.0,1,1.0,0,,completed,2025-04-25 06:36:02,,2025-04-25 06:38:02,242685c75c,,2765-001,2765-001,38.703434,-9.37754,1056.0
vgg3h0h98xib4c5gaxvgg3n6oin3xg4m,1250-087,30-49 anos,6 a 10 anos,0,1.0,0.0,0.0,1.0,0.0,1.0,0.0,2.0,1.0,2.0,2.0,0.0,1.0,1.0,1.0,0.0,0.0,1.0,1.0,0.0,2.0,0,,0,,completed,2025-04-24 19:48:18,,2025-04-24 19:51:14,31e92e2c0b,,1250-087,1250-087,38.71651,-9.165612,27.0
eyp85p4ymf8r9lemid04eyp85p4o1unx,1150-075,30-49 anos,1 a 5 anos,1,,,,0.0,1.0,0.0,2.0,2.0,2.0,2.0,0.0,0.0,2.0,2.0,1.0,1.0,0.0,1.0,2.0,2.0,0.0,2,2.0,1,0.0,completed,2025-04-24 18:27:38,,2025-04-24 18:30:28,633de06f29,,1150-075,1150-075,38.726839,-9.144663,201.0
tv9hrj7jv9egau5ltv9hr27diq3nl55e,1495-034,20-29 anos,Mais de 20 anos,2,2.0,1.0,1.0,,,,,2.0,2.0,1.0,2.0,0.0,1.0,1.0,0.0,1.0,0.0,1.0,1.0,3.0,1.0,0,0.0,0,,completed,2025-04-23 17:40:51,,2025-04-23 17:43:09,76fe759101,,1495-034,1495-034,38.702557,-9.229637,372.0
12nfbmc5cr8491kqj12nfbv96oqlf8ae,1000-228,20-29 anos,Mais de 20 anos,0,2.0,1.0,0.0,2.0,0.0,0.0,2.0,2.0,1.0,1.0,1.0,0.0,1.0,1.0,0.0,0.0,1.0,2.0,1.0,0.0,2.0,2,0.0,0,,completed,2025-04-23 15:57:24,,2025-04-23 16:01:12,704b5a32d7,,1000-228,1000-228,38.741159,-9.135379,229.0
290vz95d3nc38yl6ia1f290vzdlgka0x,2790-455,20-29 anos,,2,,2.0,,,,,,2.0,0.0,2.0,1.0,0.0,1.0,2.0,0.0,0.0,0.0,3.0,0.0,1.0,1.0,1,1.0,0,,completed,2025-04-23 15:06:08,,2025-04-23 15:07:52,7d7c43f4b3,,2790-455,2790-455,38.720415,-9.268584,478.0
0kdpd9507k80kdp1xwfg04q66khpay1x,2710-683,20-29 anos,11 a 20 anos,0,0.0,0.0,0.0,2.0,2.0,0.0,1.0,1.0,0.0,2.0,0.0,0.0,0.0,2.0,0.0,2.0,0.0,3.0,1.0,1.0,0.0,0,1.0,1,1.0,completed,2025-04-23 14:56:38,,2025-04-23 15:00:13,c44fc48826,,2710-683,2710-683,38.76484,-9.351458,661.0
lgg8en5lztnj4o4it17glgg8e0qjkqlv,2790-070,20-29 anos,11 a 20 anos,1,,,,2.0,1.0,0.0,2.0,0.0,2.0,1.0,0.0,0.0,3.0,0.0,1.0,0.0,0.0,3.0,1.0,1.0,1.0,0,1.0,2,,completed,2025-04-23 14:51:15,,2025-04-23 14:54:26,c44fc48826,,2790-070,2790-070,38.725532,-9.235175,449.0
6gcpa53ekjo5xvkyy6gcpaj528dexhzg,1500-359,20-29 anos,Mais de 20 anos,0,2.0,1.0,1.0,0.0,0.0,0.0,2.0,0.0,1.0,1.0,1.0,0.0,0.0,1.0,0.0,1.0,1.0,3.0,0.0,1.0,0.0,0,0.0,2,,completed,2025-04-23 14:45:14,,2025-04-23 14:49:52,47e55e4e69,,1500-359,1500-359,38.751427,-9.180598,140.0
u8ypsd70pa9tks5u8vqbb5fj4jspfobk,1500-700,20-29 anos,,0,2.0,1.0,0.0,2.0,0.0,0.0,1.0,1.0,2.0,1.0,0.0,0.0,0.0,1.0,1.0,1.0,1.0,1.0,2.0,3.0,1.0,0,0.0,1,0.0,completed,2025-04-23 14:35:42,,2025-04-23 14:38:08,0ec8566f62,,1500-700,1500-700,38.759973,-9.195859,138.0
046q8gxkjhj6nxwyz61goa046q8gxkz3,1500-399,30-49 anos,6 a 10 anos,2,1.0,0.0,0.0,,,,,0.0,1.0,1.0,0.0,0.0,1.0,2.0,0.0,0.0,0.0,1.0,2.0,3.0,1.0,0,0.0,1,0.0,completed,2025-04-22 21:39:59,,2025-04-22 21:42:41,bd206197cc,,1500-399,1500-399,38.748762,-9.182365,156.0
8wuzslsunn0ubvip75bpc8wuzsl2wzao,1600-223,50-64 anos,,2,2.0,2.0,0.0,,,,,2.0,1.0,2.0,1.0,0.0,0.0,2.0,0.0,0.0,0.0,2.0,1.0,0.0,1.0,1,1.0,1,0.0,completed,2025-04-22 06:48:21,,2025-04-22 06:50:40,5d74a260fd,,1600-223,1600-223,38.753701,-9.173369,141.0
frr6zmrpqru7lmqboac9ffrr6zm1wuth,1495-239,50-64 anos,11 a 20 anos,1,,,,2.0,2.0,0.0,1.0,2.0,1.0,2.0,2.0,0.0,0.0,2.0,0.0,1.0,0.0,3.0,0.0,0.0,2.0,1,0.0,1,1.0,completed,2025-04-22 06:38:53,,2025-04-22 06:41:22,6d8b6a12f9,,1495-239,1495-239,38.703453,-9.235832,375.0
3cnwgjvgcrkjcp00m3cnw7ctmtc7ajta,1300-477,20-29 anos,,0,1.0,0.0,2.0,0.0,0.0,2.0,1.0,1.0,2.0,2.0,0.0,0.0,0.0,2.0,0.0,1.0,1.0,1.0,0.0,3.0,0.0,0,0.0,2,,completed,2025-04-21 22:33:58,,2025-04-21 22:36:24,3833411889,,1300-477,1300-477,38.711731,-9.198126,2.0
5g3db9xxitt1wczqqh0tmq1u5g3dbknm,2700-206,20-29 anos,Mais de 20 anos,0,2.0,2.0,1.0,2.0,0.0,0.0,0.0,0.0,1.0,1.0,1.0,0.0,1.0,2.0,0.0,1.0,1.0,0.0,0.0,2.0,1.0,1,0.0,0,,completed,2025-04-21 22:33:01,,2025-04-21 22:36:36,042695a620,,2700-206,2700-206,38.766719,-9.228385,978.0
v0of2qqigsy7vx8swv0of2qmreivi4xd,1750-232,20-29 anos,11 a 20 anos,0,2.0,1.0,1.0,1.0,0.0,0.0,2.0,0.0,1.0,2.0,1.0,0.0,0.0,2.0,0.0,0.0,0.0,1.0,0.0,1.0,0.0,0,0.0,2,,completed,2025-04-21 22:31:30,,2025-04-21 22:33:52,a46669e1d2,,1750-232,1750-232,38.775584,-9.160699,49.0
f4nzv69cf2u9ky8b670hf4nzvt0owhqs,1750-063,50-64 anos,Mais de 20 anos,1,,,,2.0,2.0,0.0,1.0,1.0,2.0,2.0,0.0,0.0,1.0,2.0,0.0,1.0,0.0,1.0,1.0,1.0,2.0,1,0.0,1,0.0,completed,2025-04-21 21:02:00,,2025-04-21 21:06:14,ef89a90a19,,1750-063,1750-063,38.778334,-9.160012,45.0
zbo2bzkuzstbrh40ba6ff4u9zbo2bzku,1700-011,20-29 anos,1 a 5 anos,0,2.0,2.0,0.0,0.0,1.0,0.0,0.0,0.0,2.0,2.0,1.0,0.0,2.0,0.0,0.0,0.0,0.0,1.0,2.0,3.0,1.0,0,0.0,1,2.0,completed,2025-04-21 19:22:06,,2025-04-21 19:26:02,c216863213,,1700-011,1700-011,38.752409,-9.14854,62.0
j24wjjmag968c5uyqfbqzj24wj1kjyt0,1600-203,50-64 anos,11 a 20 anos,1,,,,2.0,2.0,0.0,2.0,2.0,1.0,1.0,1.0,0.0,2.0,2.0,0.0,1.0,0.0,3.0,1.0,1.0,1.0,0,0.0,0,,completed,2025-04-21 17:56:13,,2025-04-21 17:58:33,f6480ac3ad,,1600-203,1600-203,38.752474,-9.171089,141.0
bm3syyc1t8j84b6ybm3m555lct0nlyjc,1750-031,30-49 anos,Menos de 1 ano,0,2.0,2.0,0.0,2.0,2.0,0.0,1.0,1.0,2.0,2.0,0.0,0.0,0.0,2.0,0.0,1.0,0.0,1.0,2.0,3.0,1.0,0,1.0,0,,completed,2025-04-21 17:56:06,,2025-04-21 17:58:30,87d0b9cb15,,1750-031,1750-031,38.780379,-9.160542,50.0
w3celwzvrwm8wkfgw3cel83y4cmro04x,1750-131,30-49 anos,Menos de 1 ano,0,2.0,1.0,1.0,2.0,0.0,0.0,2.0,2.0,1.0,1.0,2.0,0.0,1.0,2.0,0.0,0.0,0.0,1.0,2.0,3.0,1.0,1,1.0,1,0.0,completed,2025-04-21 17:53:03,,2025-04-21 17:55:07,b2997d94b5,,1750-131,1750-131,38.762573,-9.154246,248.0
gvc1aem72bsb6gvc13oet6umm4lu7a3o,1750 456,50-64 anos,Mais de 20 anos,1,,,,2.0,0.0,0.0,1.0,1.0,1.0,1.0,0.0,0.0,1.0,2.0,0.0,1.0,0.0,3.0,1.0,0.0,1.0,0,0.0,1,0.0,completed,2025-04-21 17:38:43,,2025-04-21 17:41:02,ba5611e5bb,,1750-456,1750-456,38.778047,-9.148136,56.0
ly3n4v7u3we94y6lhly3n4vepgl53svw,2745-383,30-49 anos,,0,2.0,2.0,0.0,2.0,2.0,0.0,1.0,0.0,1.0,1.0,0.0,0.0,3.0,2.0,0.0,0.0,0.0,3.0,0.0,1.0,2.0,1,1.0,0,,completed,2025-04-21 17:32:39,,2025-04-21 17:35:17,6889682c1b,,2745-383,2745-383,38.757146,-9.282085,500.0
9hp3e5r99u5w69hckqiiinx4gm0dgmck,1750-456,50-64 anos,11 a 20 anos,0,2.0,2.0,0.0,2.0,2.0,0.0,1.0,1.0,2.0,2.0,0.0,0.0,0.0,2.0,0.0,0.0,1.0,2.0,0.0,2.0,1.0,0,2.0,1,0.0,completed,2025-04-21 17:21:57,,2025-04-21 17:24:16,ba5611e5bb,,1750-456,1750-456,38.778047,-9.148136,56.0
cvjg3sl4qve7oxq3nicvjg3kk5o77mr0,1750-158,50-64 anos,11 a 20 anos,1,,,,2.0,2.0,0.0,1.0,0.0,1.0,1.0,1.0,0.0,1.0,2.0,0.0,0.0,0.0,2.0,0.0,0.0,1.0,0,0.0,0,,completed,2025-04-21 17:11:39,,2025-04-21 17:13:45,5f5ab6c5b0,,1750-158,1750-158,38.767776,-9.156639,254.0
w36k31mp3xelzzpidw36k3jdbhbfkufw,1900-223,20-29 anos,1 a 5 anos,2,0.0,2.0,0.0,,,,,1.0,0.0,2.0,0.0,0.0,2.0,2.0,1.0,2.0,0.0,1.0,2.0,3.0,2.0,2,2.0,2,,completed,2025-04-21 16:21:55,,2025-04-21 16:24:00,87d0b9cb15,,1900-223,1900-223,38.741474,-9.124408,28.0
6tzaiuj5yeh1pg9lf9v6tza4pz5w8hs4,1750-220,30-49 anos,1 a 5 anos,1,,,,2.0,2.0,0.0,1.0,0.0,2.0,2.0,0.0,0.0,3.0,2.0,0.0,0.0,0.0,2.0,1.0,2.0,2.0,0,0.0,1,0.0,completed,2025-04-21 12:31:15,,2025-04-21 12:33:55,5a63eccbf1,,1750-220,1750-220,38.77746,-9.152312,46.0
vg4vg30kzlp88wkdfxuy1vg4vg3xal2q,1500-048,30-49 anos,Mais de 20 anos,1,,,,2.0,0.0,0.0,0.0,1.0,2.0,0.0,0.0,0.0,1.0,2.0,1.0,0.0,1.0,0.0,0.0,0.0,0.0,2,0.0,2,,completed,2025-04-21 12:26:06,,2025-04-21 12:28:36,8f5d7dd74f,,1500-048,1500-048,38.746387,-9.188023,114.0
odnztgv2wqq5sd2taodnztgendkpcpfr,2610-297,30-49 anos,,1,,,,,0.0,0.0,,0.0,1.0,,1.0,0.0,1.0,1.0,0.0,1.0,0.0,1.0,2.0,1.0,1.0,1,0.0,1,0.0,completed,2025-04-21 10:02:09,,2025-04-21 10:04:42,1b574ff8ba,,2610-297,2610-297,38.73284,-9.215047,962.0
v58wasyjngj58e6v58wn8s2zrt9owamm,2750-370,30-49 anos,,1,,,,2.0,2.0,0.0,1.0,0.0,1.0,1.0,1.0,1.0,0.0,1.0,0.0,0.0,0.0,3.0,1.0,1.0,2.0,0,1.0,0,,completed,2025-04-21 09:14:57,,2025-04-21 09:17:10,83c98f9954,,2750-370,2750-370,38.69916,-9.439754,1136.0
ev855gtma1rlip3i1dev855bwiv9f5cb,1750-158,50-64 anos,6 a 10 anos,1,,,,2.0,2.0,0.0,2.0,0.0,2.0,2.0,1.0,0.0,1.0,2.0,0.0,1.0,0.0,2.0,0.0,1.0,2.0,0,0.0,0,,completed,2025-04-21 05:54:26,,2025-04-21 05:57:26,3d74b2c550,,1750-158,1750-158,38.767776,-9.156639,254.0
1lyzdkoq9y7f74hac6u7rm1lyzdij077,2740-302,50-64 anos,6 a 10 anos,1,,,,2.0,0.0,0.0,1.0,0.0,2.0,2.0,1.0,0.0,1.0,1.0,1.0,0.0,0.0,1.0,2.0,3.0,1.0,1,1.0,1,0.0,completed,2025-04-20 22:36:10,,2025-04-20 22:39:05,1ae5f8f982,,2740-302,2740-302,38.718507,-9.304042,347.0
ad8oxvkm3cetxad8oxdipuo0r5msivmk,1500-417,30-49 anos,1 a 5 anos,1,,,,0.0,0.0,0.0,0.0,0.0,1.0,2.0,1.0,0.0,1.0,2.0,1.0,0.0,0.0,3.0,1.0,1.0,1.0,1,1.0,0,,completed,2025-04-20 21:51:42,,2025-04-20 21:53:37,4259594579,,1500-417,1500-417,38.74789,-9.187469,114.0
y8wxpjl6548pryc0g5nbolf8y8wxpjfo,2795-113,30-49 anos,6 a 10 anos,0,0.0,2.0,0.0,2.0,0.0,0.0,2.0,0.0,1.0,1.0,1.0,0.0,1.0,2.0,0.0,0.0,0.0,,1.0,3.0,1.0,0,2.0,2,,completed,2025-04-20 20:30:16,,2025-04-20 20:33:32,dd17ff8226,,2795-113,2795-113,38.712389,-9.241215,444.0
0e7h211a9vqls59x75zuqt0e7h211vn4,1600-268,30-49 anos,Mais de 20 anos,1,,,,2.0,2.0,0.0,1.0,0.0,0.0,2.0,0.0,0.0,1.0,2.0,0.0,0.0,1.0,3.0,1.0,1.0,1.0,1,1.0,1,0.0,completed,2025-04-20 16:46:54,,2025-04-20 16:48:54,f574e312ae,,1600-268,1600-268,38.780223,-9.171169,243.0
doqnvfdapasofvtdoqntebjz4iycxcnb,1500-374,30-49 anos,,0,1.0,0.0,2.0,2.0,,0.0,1.0,0.0,1.0,1.0,1.0,0.0,,2.0,,2.0,0.0,1.0,0.0,3.0,2.0,2,1.0,0,,completed,2025-04-20 16:19:00,,2025-04-20 16:23:40,513466a480,,1500-374,1500-374,38.753895,-9.182693,152.0
mxclf4os0htedbp5syqu0mxclf4ofog6,1600-810,30-49 anos,11 a 20 anos,1,,,,0.0,0.0,0.0,2.0,2.0,1.0,1.0,2.0,0.0,1.0,3.0,0.0,0.0,0.0,1.0,1.0,1.0,1.0,1,1.0,0,,completed,2025-04-20 15:35:29,,2025-04-20 15:37:39,dae5495aee,,1600-810,1600-810,38.761026,-9.177788,189.0
xtkifar00kvxfwby8fxtkifar90uw0wm,1900-172,50-64 anos,1 a 5 anos,0,0.0,2.0,2.0,2.0,0.0,0.0,1.0,1.0,2.0,2.0,0.0,0.0,1.0,2.0,0.0,0.0,0.0,1.0,2.0,3.0,2.0,2,2.0,0,,completed,2025-04-15 17:24:26,,2025-04-15 17:26:53,25c0deb482,,1900-172,1900-172,38.737438,-9.128015,28.0
mu1q4o0ctdb9o30xvfgcemu1q4o0bd6i,1495-240,20-29 anos,1 a 5 anos,0,2.0,2.0,1.0,0.0,2.0,0.0,0.0,0.0,1.0,1.0,1.0,0.0,1.0,2.0,0.0,1.0,0.0,3.0,2.0,1.0,1.0,1,1.0,1,0.0,completed,2025-04-15 10:45:25,,2025-04-15 10:47:35,f651dfa627,,1495-240,1495-240,38.703453,-9.235832,375.0
7udybpvxzeftlz7ufvhtxshlpfkcut1d,1200-839,30-49 anos,11 a 20 anos,0,1.0,2.0,0.0,0.0,0.0,2.0,0.0,1.0,0.0,2.0,0.0,0.0,1.0,2.0,0.0,0.0,0.0,2.0,0.0,2.0,0.0,2,2.0,0,,completed,2025-04-15 09:45:57,,2025-04-15 09:48:41,5794dc3516,,1200-839,1200-839,38.708566,-9.160725,1498.0
96a9wajd2kbli6dcpiqk296a9wrwb2uu,1495-069,30-49 anos,1 a 5 anos,1,,,,2.0,2.0,0.0,2.0,2.0,1.0,1.0,2.0,0.0,2.0,1.0,0.0,0.0,0.0,3.0,1.0,1.0,1.0,1,1.0,1,0.0,completed,2025-04-15 09:11:15,,2025-04-15 09:14:14,045bfce0f5,,1495-069,1495-069,38.702116,-9.237131,385.0
ph9ajqrz9oh26b4hijvph9ajqrk0cead,1250-015,50-64 anos,,0,2.0,,1.0,2.0,1.0,0.0,0.0,2.0,2.0,2.0,1.0,0.0,1.0,1.0,0.0,1.0,0.0,3.0,1.0,0.0,2.0,1,0.0,1,0.0,completed,2025-04-14 12:48:02,,2025-04-14 12:50:52,dbd711517a,,1250-015,1250-015,38.71783,-9.16316,27.0
qncho01oubt01hnwxw2lbqnchtwl6x89,1495-100,50-64 anos,Mais de 20 anos,0,2.0,1.0,1.0,2.0,0.0,0.0,0.0,2.0,1.0,1.0,1.0,0.0,1.0,1.0,0.0,0.0,0.0,2.0,0.0,0.0,2.0,0,0.0,1,2.0,completed,2025-04-14 08:24:29,,2025-04-14 08:28:21,475abcf50a,,1495-100,1495-100,38.700028,-9.231551,374.0
lyub24cc2404uwu5tq1ey0lyub24cmh3,1750-440,50-64 anos,11 a 20 anos,1,,,,0.0,0.0,0.0,1.0,0.0,2.0,1.0,0.0,0.0,3.0,2.0,0.0,0.0,0.0,3.0,1.0,1.0,1.0,1,0.0,1,0.0,completed,2025-04-13 19:50:24,,2025-04-13 19:52:34,70f4f1c11f,,1750-440,1750-440,38.772906,-9.153896,46.0
coru4vbcjlpageulcoru9rs9dm7teddy,2685-005,65+ anos,Mais de 20 anos,0,2.0,1.0,1.0,2.0,2.0,0.0,2.0,0.0,0.0,2.0,0.0,1.0,1.0,0.0,0.0,0.0,0.0,2.0,1.0,1.0,1.0,1,1.0,1,0.0,completed,2025-04-13 18:56:32,,2025-04-13 19:03:13,a59397cc47,,2685-005,2685-005,38.790128,-9.10775,1242.0
skvfowftco9gmy2o1j1nskvfowp6ew0f,2685-005,65+ anos,Mais de 20 anos,1,,,,2.0,0.0,0.0,0.0,1.0,0.0,2.0,0.0,1.0,1.0,0.0,0.0,0.0,0.0,1.0,0.0,0.0,1.0,1,0.0,1,0.0,completed,2025-04-13 18:48:28,,2025-04-13 18:53:49,e7fcee66eb,,2685-005,2685-005,38.790128,-9.10775,1242.0
bdmxqvpqjbijntocsig67bdmxbtvmo0m,2685-005,13-19 anos,11 a 20 anos,0,2.0,1.0,1.0,2.0,2.0,0.0,0.0,1.0,0.0,2.0,0.0,1.0,1.0,2.0,0.0,0.0,0.0,1.0,0.0,0.0,1.0,1,2.0,1,0.0,completed,2025-04-13 18:48:02,,2025-04-13 18:55:53,e7fcee66eb,,2685-005,2685-005,38.790128,-9.10775,1242.0
y83cn1dclo511r321y83cx7gnomnx5hw,1200 018,,6 a 10 anos,1,,,,0.0,1.0,1.0,2.0,2.0,2.0,2.0,0.0,0.0,2.0,1.0,1.0,1.0,1.0,2.0,0.0,0.0,2.0,1,0.0,0,,completed,2025-04-13 17:09:17,,2025-04-13 17:12:00,b207b3f70c,,1200-018,1200-018,38.708571,-9.143269,1510.0
t3dc6ikiwvthbx56i0at3dc6ik5o4613,1750-220,30-49 anos,6 a 10 anos,0,0.0,2.0,0.0,0.0,0.0,0.0,1.0,1.0,0.0,2.0,0.0,0.0,1.0,2.0,0.0,1.0,1.0,0.0,1.0,2.0,1.0,0,2.0,1,0.0,completed,2025-04-13 15:46:54,,2025-04-13 15:48:53,ca20f7ab17,,1750-220,1750-220,38.77746,-9.152312,46.0
58w4pjqda32b5k2atd58w47vh7lrtsf3,1900-098,30-49 anos,6 a 10 anos,1,,,,0.0,1.0,1.0,2.0,1.0,2.0,2.0,0.0,0.0,3.0,1.0,1.0,1.0,1.0,1.0,2.0,0.0,2.0,0,2.0,1,1.0,completed,2025-04-13 15:42:42,,2025-04-13 15:45:39,1a59fdb9d6,,1900-098,1900-098,38.74419,-9.128314,-1.0
o55ujc6wzgjjgyaxl79o55ujw71wegle,2780-239,30-49 anos,11 a 20 anos,0,0.0,2.0,0.0,0.0,1.0,0.0,2.0,1.0,0.0,2.0,0.0,0.0,1.0,3.0,0.0,1.0,1.0,3.0,0.0,0.0,1.0,1,1.0,1,2.0,completed,2025-04-13 15:25:25,,2025-04-13 15:28:10,e00f6de431,,2780-239,2780-239,38.70247,-9.308155,430.0
c5q6wkpzbpapfvrkc5q74ysb8irfzdef,1700-344,20-29 anos,1 a 5 anos,2,2.0,1.0,1.0,,,,,2.0,1.0,2.0,2.0,0.0,2.0,,0.0,0.0,0.0,3.0,1.0,3.0,,0,1.0,0,,completed,2025-04-12 16:07:52,,2025-04-12 16:12:35,30e82fca5c,,1700-344,1700-344,38.751072,-9.142823,40.0
qgiz1w0fcf0tlbqgiai67eq8wvwxypgm,2765-169,20-29 anos,1 a 5 anos,0,2.0,2.0,0.0,2.0,2.0,0.0,1.0,0.0,2.0,1.0,0.0,0.0,1.0,1.0,0.0,0.0,0.0,3.0,1.0,1.0,2.0,1,1.0,0,,completed,2025-04-10 11:47:39,,2025-04-10 11:50:44,2c19e7a2fa,,2765-169,2765-169,38.71757,-9.404576,1076.0
dbma1b8iudxa8qdbmarbsx8kdi3d0pau,1600-595,20-29 anos,Mais de 20 anos,0,2.0,1.0,1.0,2.0,2.0,0.0,1.0,2.0,1.0,1.0,2.0,0.0,1.0,1.0,0.0,0.0,0.0,3.0,1.0,1.0,1.0,1,1.0,0,,completed,2025-04-09 16:45:22,,2025-04-09 16:47:56,d5ca80e640,,1600-595,1600-595,38.762404,-9.169238,211.0
0mey5ie0menqdaey0meza2hqpr5uxdbj,2755-390,20-29 anos,Mais de 20 anos,0,0.0,2.0,0.0,0.0,0.0,0.0,2.0,1.0,2.0,2.0,1.0,0.0,0.0,2.0,1.0,2.0,0.0,3.0,0.0,1.0,1.0,0,0.0,0,,completed,2025-04-09 11:03:11,,2025-04-09 11:05:16,e59069591b,,2755-390,2755-390,38.715633,-9.42728,687.0
25jv17dojq98zeb45rwwl25jv11t83ih,1600-095,20-29 anos,1 a 5 anos,2,0.0,2.0,0.0,,,,,0.0,2.0,1.0,2.0,0.0,2.0,2.0,1.0,0.0,0.0,3.0,1.0,1.0,0.0,2,0.0,0,,completed,2025-04-08 07:28:26,,2025-04-08 07:30:52,0eda008122,,1600-095,1600-095,38.745568,-9.157438,66.0
ziv82xfauw1tdbw1ndu31c55ziv82xet,1700-077,20-29 anos,1 a 5 anos,2,2.0,2.0,0.0,,,,,2.0,1.0,1.0,1.0,0.0,2.0,2.0,0.0,0.0,0.0,3.0,2.0,3.0,2.0,0,1.0,0,,completed,2025-04-08 00:19:57,,2025-04-08 00:22:13,8785d4a263,,1700-077,1700-077,38.758172,-9.141351,38.0
i7rr29hgsujliqgh4lqhi7rr2fs3hvfz,2745-871,20-29 anos,11 a 20 anos,2,2.0,2.0,0.0,,,,,2.0,1.0,1.0,1.0,0.0,1.0,1.0,0.0,0.0,0.0,1.0,2.0,3.0,2.0,0,0.0,0,,completed,2025-04-07 23:47:00,,2025-04-07 23:48:53,8a49e55fe6,,2745-871,2745-871,38.758165,-9.282129,500.0
4y0jdk8m351aap4y0j1x43d1ndagi27f,1500-017,20-29 anos,1 a 5 anos,2,,0.0,0.0,,,,,,2.0,2.0,0.0,,2.0,2.0,1.0,0.0,1.0,3.0,2.0,1.0,0.0,0,0.0,0,,completed,2025-04-07 21:18:38,,2025-04-07 21:21:46,5f78aa3902,,1500-017,1500-017,38.745383,-9.200127,125.0
1rlxy0mw5ag13fib6fnm1rlxy06033rl,2610-074,20-29 anos,1 a 5 anos,2,0.0,0.0,2.0,,,,,0.0,1.0,1.0,1.0,0.0,2.0,0.0,0.0,1.0,1.0,0.0,1.0,1.0,1.0,0,0.0,1,0.0,completed,2025-04-07 20:51:47,,2025-04-07 20:54:20,833903082e,,2610-074,2610-074,38.737579,-9.223166,962.0
v8q6cs0i64caz4b7xdn9v8q6cv6w83qr,2775-381,20-29 anos,11 a 20 anos,1,,,,2.0,2.0,0.0,1.0,2.0,1.0,1.0,2.0,0.0,1.0,3.0,0.0,0.0,0.0,3.0,1.0,1.0,1.0,1,1.0,1,0.0,completed,2025-04-07 20:08:37,,2025-04-07 20:19:34,d4464f4b63,,2775-381,2775-381,38.706244,-9.330125,1122.0
sztmkuzs0wsbay3sztmkuv62za5rsri1,2790-550,20-29 anos,11 a 20 anos,1,,,,2.0,0.0,0.0,1.0,0.0,2.0,1.0,0.0,0.0,3.0,0.0,0.0,0.0,0.0,1.0,1.0,3.0,1.0,1,1.0,1,0.0,completed,2025-04-07 17:16:53,,2025-04-07 17:21:23,0b565c84fc,,2790-550,2790-550,38.720758,-9.221773,457.0
2pkvo6vrhd3viwr52pkvckxc92wrjy5j,1600-077,50-64 anos,1 a 5 anos,2,0.0,1.0,0.0,,,,,0.0,0.0,2.0,0.0,0.0,2.0,2.0,1.0,1.0,1.0,1.0,0.0,3.0,0.0,1,0.0,2,,completed,2025-04-07 16:37:12,,2025-04-07 16:40:22,97e1cc283a,,1600-077,1600-077,38.746484,-9.158198,66.0
phjyushdfww6xei8phjyufy6fbr3ibls,1750-065,20-29 anos,Menos de 1 ano,2,2.0,2.0,0.0,,,,,2.0,2.0,2.0,2.0,0.0,2.0,2.0,0.0,1.0,0.0,1.0,2.0,3.0,1.0,0,1.0,1,0.0,completed,2025-04-07 16:31:55,,2025-04-07 16:34:06,402e812455,,1750-065,1750-065,38.778334,-9.160012,45.0
4w21d6zr2ffk5ky784w21d6za1m1d9lt,1800-099,20-29 anos,1 a 5 anos,0,2.0,1.0,1.0,2.0,0.0,0.0,1.0,2.0,1.0,1.0,2.0,0.0,2.0,2.0,0.0,1.0,1.0,1.0,2.0,3.0,1.0,0,0.0,0,,completed,2025-04-07 16:31:27,,2025-04-07 16:33:55,1c585ed3ee,,1800-099,1800-099,38.764234,-9.109619,298.0
mpds7vg2s5p49oqufg68rmpds7vqlm95,1600-145,20-29 anos,1 a 5 anos,0,0.0,2.0,0.0,2.0,0.0,0.0,2.0,0.0,2.0,2.0,1.0,0.0,2.0,2.0,0.0,1.0,0.0,3.0,0.0,1.0,1.0,1,1.0,0,,completed,2025-04-07 16:30:37,,2025-04-07 16:34:59,122584b874,,1600-145,1600-145,38.754615,-9.172115,141.0
iv28cl2ikts8c4iv28cl2tvr32jwdx18,1050-227,30-49 anos,11 a 20 anos,1,,,,1.0,0.0,0.0,2.0,2.0,1.0,1.0,1.0,0.0,1.0,1.0,0.0,1.0,0.0,2.0,0.0,0.0,1.0,0,0.0,1,0.0,completed,2025-04-07 14:37:24,,2025-04-07 14:39:57,e5c773c434,,1050-227,1050-227,38.731333,-9.148211,341.0
7og14ctpkizydjvei57og146vf5r6kl7,1050-181,50-64 anos,11 a 20 anos,2,2.0,1.0,1.0,,,,,1.0,1.0,1.0,0.0,0.0,0.0,1.0,0.0,0.0,0.0,2.0,3.0,3.0,1.0,0,1.0,1,2.0,completed,2025-04-07 11:14:10,,2025-04-07 11:15:59,84282c9079,,1050-181,1050-181,38.739136,-9.151441,219.0
fgfmy7p0thdz0hg80fgfkijpvntmeo8b,1100-562,30-49 anos,1 a 5 anos,0,2.0,2.0,0.0,1.0,1.0,1.0,0.0,1.0,0.0,0.0,0.0,0.0,0.0,1.0,1.0,2.0,1.0,2.0,0.0,0.0,0.0,2,2.0,2,,completed,2025-04-06 19:47:27,,2025-04-06 19:54:53,e5ecfb6e9f,,1100-562,1100-562,38.713136,-9.130611,1459.0
w7n4tb4q3oevr0w7n4lap09rn2697prk,1990-503,50-64 anos,11 a 20 anos,1,,,,2.0,0.0,0.0,1.0,2.0,1.0,1.0,1.0,0.0,1.0,2.0,0.0,0.0,0.0,3.0,1.0,1.0,1.0,1,1.0,0,,completed,2025-04-06 12:56:57,,2025-04-06 12:58:50,2caed5660a,,1990-503,1990-503,38.777634,-9.095091,273.0
suyiwtv8ge2bcq2mesuyiwtre678yvve,1700-175,50-64 anos,,1,,,,2.0,0.0,0.0,2.0,2.0,1.0,1.0,2.0,0.0,0.0,2.0,0.0,0.0,0.0,2.0,0.0,0.0,1.0,1,1.0,0,,completed,2025-04-06 11:19:36,,2025-04-06 11:21:37,dddc677253,,1700-175,1700-175,38.749102,-9.139473,36.0
fola1fqwbh62w0qbzkfola1fl1zaigex,1600-013,50-64 anos,Menos de 1 ano,1,,,,2.0,2.0,0.0,1.0,0.0,0.0,2.0,0.0,0.0,2.0,2.0,0.0,0.0,0.0,3.0,1.0,1.0,2.0,0,0.0,0,,completed,2025-04-05 23:39:01,,2025-04-05 23:42:11,bf9f42602a,,1600-013,1600-013,38.75348,-9.168517,63.0
p358wmbjgzremsxu8y4bp358wm9m1dcl,2780-058,30-49 anos,1 a 5 anos,0,0.0,0.0,2.0,2.0,2.0,0.0,0.0,0.0,2.0,0.0,0.0,0.0,1.0,2.0,0.0,0.0,0.0,3.0,0.0,1.0,1.0,1,1.0,0,,completed,2025-04-05 02:06:02,,2025-04-05 02:08:23,0d747ee07c,,2780-058,2780-058,38.683058,-9.322852,433.0
qnyeovora3ijc6dqnye4z8h3gci5hnzp,1150-119,30-49 anos,1 a 5 anos,1,,,,0.0,0.0,0.0,0.0,0.0,1.0,1.0,1.0,0.0,1.0,2.0,0.0,0.0,0.0,1.0,2.0,3.0,0.0,0,0.0,1,1.0,completed,2025-04-04 18:07:45,,2025-04-04 18:10:42,467c800e7a,,1150-119,1150-119,38.724253,-9.140902,1538.0
cyml8m6invksfeecyml8lzqj59cwqacx,1600-014,30-49 anos,11 a 20 anos,1,,,,2.0,2.0,0.0,1.0,2.0,1.0,1.0,1.0,0.0,1.0,3.0,0.0,0.0,0.0,3.0,1.0,1.0,1.0,1,1.0,0,,completed,2025-04-04 14:48:08,,2025-04-04 14:50:09,b9b475653a,,1600-014,1600-014,38.76932,-9.16581,-1.0
slix17lqb9gqerwayqslix1kooejxjm8,1495-069,30-49 anos,1 a 5 anos,1,,,,2.0,0.0,0.0,2.0,0.0,1.0,2.0,2.0,0.0,2.0,1.0,0.0,0.0,0.0,3.0,1.0,1.0,1.0,0,1.0,1,0.0,completed,2025-04-03 19:33:01,,2025-04-03 19:35:57,045bfce0f5,,1495-069,1495-069,38.702116,-9.237131,385.0
dxmr7hsklqpb9lbpi4mrxiy00dxmr7hc,1150-119,50-64 anos,6 a 10 anos,1,,,,1.0,0.0,1.0,2.0,2.0,2.0,2.0,1.0,0.0,1.0,3.0,0.0,0.0,0.0,3.0,1.0,1.0,2.0,0,0.0,0,,completed,2025-04-03 19:05:15,,2025-04-03 19:07:55,77deda2646,,1150-119,1150-119,38.724253,-9.140902,1538.0
cdis3tvmajna5i1yraccdis3tvdxakan,1750-246,30-49 anos,11 a 20 anos,0,2.0,1.0,0.0,0.0,0.0,0.0,2.0,0.0,2.0,2.0,1.0,0.0,3.0,2.0,0.0,1.0,1.0,2.0,0.0,1.0,2.0,0,0.0,1,0.0,completed,2025-04-03 18:55:22,,2025-04-03 18:58:11,8a584c4c5b,,1750-246,1750-246,38.780838,-9.150039,56.0
yk0ff7gg15cr5gx4nzyk0ff78yey7vqq,1685-067,20-29 anos,11 a 20 anos,0,,2.0,,2.0,2.0,0.0,1.0,1.0,0.0,0.0,0.0,0.0,,2.0,0.0,1.0,,3.0,1.0,1.0,1.0,0,0.0,1,0.0,completed,2025-04-03 15:45:59,,2025-04-03 15:48:23,d2609df53a,,1685-067,1685-067,38.804796,-9.220836,1675.0
raw1l466srlt6e44raw1l4jdu0see6px,1700-330,30-49 anos,Mais de 20 anos,1,,,,0.0,1.0,1.0,0.0,2.0,1.0,1.0,2.0,0.0,1.0,3.0,0.0,1.0,0.0,2.0,3.0,0.0,0.0,2,2.0,0,,completed,2025-04-03 15:10:49,,2025-04-03 15:14:46,277297aae5,,1700-330,1700-330,38.753836,-9.138547,71.0
osup4cpgwjugwd1iror8osup4cku81gj,1300-281,50-64 anos,11 a 20 anos,0,2.0,2.0,0.0,0.0,0.0,0.0,0.0,0.0,2.0,0.0,1.0,0.0,1.0,2.0,0.0,0.0,0.0,1.0,1.0,0.0,1.0,0,0.0,0,,completed,2025-04-03 14:28:57,,2025-04-03 14:32:15,3f27bf55c7,,1300-281,1300-281,38.704136,-9.183925,15.0
zsxzpkeazne86pokkmzsxzplyuhbgzjh,1700-172,65+ anos,,2,2.0,1.0,0.0,,,,,0.0,1.0,1.0,0.0,0.0,1.0,1.0,0.0,0.0,0.0,2.0,0.0,0.0,2.0,0,2.0,0,,completed,2025-04-03 14:23:19,,2025-04-03 14:25:53,bcb7847348,,1700-172,1700-172,38.749102,-9.139473,36.0
9vks591fdbdmyn0ft9vks591v9bl2l8h,1600-162,30-49 anos,Menos de 1 ano,1,,,,2.0,0.0,0.0,2.0,0.0,1.0,1.0,1.0,0.0,2.0,2.0,0.0,1.0,0.0,1.0,2.0,3.0,2.0,0,1.0,0,,completed,2025-04-03 14:11:52,,2025-04-03 14:14:41,f272928a01,,1600-162,1600-162,38.754078,-9.175037,150.0
dhqboxkp20u57937scdhqbox1hoy25vl,2780 085,20-29 anos,11 a 20 anos,0,0.0,2.0,0.0,2.0,2.0,1.0,2.0,0.0,2.0,1.0,2.0,0.0,2.0,2.0,0.0,0.0,0.0,1.0,2.0,1.0,1.0,0,1.0,0,,completed,2025-04-03 11:55:02,,2025-04-03 11:58:10,abe47b34ee,,2780-085,2780-085,38.693901,-9.326421,433.0
bfbrpyxs7o7wp3hzpd43bfbrpyxubgqa,1350-219,65+ anos,Mais de 20 anos,1,,,,0.0,0.0,1.0,0.0,0.0,0.0,2.0,0.0,0.0,0.0,2.0,0.0,1.0,0.0,1.0,1.0,1.0,1.0,1,0.0,1,0.0,completed,2025-04-03 11:47:52,,2025-04-03 11:51:03,96cd9d3610,,1350-219,1350-219,38.705814,-9.169949,1482.0
cfxdsa2caunp7ftfyx2cfxdsafiueajw,1350-276,30-49 anos,11 a 20 anos,1,,,,2.0,0.0,0.0,1.0,1.0,2.0,2.0,1.0,0.0,1.0,1.0,0.0,1.0,0.0,3.0,2.0,1.0,0.0,2,0.0,1,0.0,completed,2025-04-03 11:38:59,,2025-04-03 11:45:01,02361f0105,,1350-276,1350-276,38.706204,-9.167805,1508.0
8wxdwl5p5ca3sy4gh8wxdwlt7e693kwt,2760-095,50-64 anos,6 a 10 anos,1,,,,,2.0,1.0,1.0,,0.0,,1.0,0.0,2.0,,0.0,,0.0,3.0,1.0,1.0,1.0,0,1.0,1,,completed,2025-04-03 11:11:03,,2025-04-03 11:12:56,38a87ce23b,,2760-095,2760-095,38.705547,-9.281458,469.0
3eeri02lwlut4c9dgn4ew4gz3eeri02l,1150-119,30-49 anos,1 a 5 anos,1,,,,2.0,1.0,1.0,0.0,0.0,2.0,0.0,0.0,0.0,3.0,0.0,1.0,2.0,1.0,1.0,2.0,3.0,0.0,0,2.0,1,,completed,2025-04-03 09:59:32,,2025-04-03 10:01:33,aebdc07af2,,1150-119,1150-119,38.724253,-9.140902,1538.0
ayiqfoei64v0lq203ayiqfoeqgy6l31h,1300-279,30-49 anos,1 a 5 anos,1,,,,0.0,1.0,1.0,2.0,0.0,2.0,2.0,2.0,0.0,1.0,2.0,0.0,1.0,0.0,2.0,1.0,1.0,2.0,0,2.0,0,,completed,2025-04-03 09:54:26,,2025-04-03 09:57:02,a3f5f8b44b,,1300-279,1300-279,38.704136,-9.183925,15.0
qk8wampksx5mz9124cwa21aqk8wamlb7,2725-486,50-64 anos,,1,,,,0.0,0.0,1.0,0.0,0.0,2.0,2.0,0.0,1.0,3.0,2.0,1.0,1.0,0.0,3.0,1.0,1.0,2.0,2,2.0,2,,completed,2025-04-03 09:35:48,,2025-04-03 09:38:10,e255b7974a,,2725-486,2725-486,38.794221,-9.332972,1640.0
oq5tocsmocbbpe92h4nf2ni80zoq5toc,1150-119,30-49 anos,11 a 20 anos,0,0.0,2.0,1.0,2.0,0.0,0.0,0.0,2.0,2.0,2.0,1.0,0.0,2.0,2.0,0.0,0.0,0.0,1.0,2.0,3.0,0.0,2,0.0,1,1.0,completed,2025-04-03 09:34:01,,2025-04-03 09:37:54,374633eb27,,1150-119,1150-119,38.724253,-9.140902,1538.0
cbbovwmmsogvrcb6hjwkcbbov3e0v4tz,1350-269,50-64 anos,,1,,,,1.0,0.0,0.0,0.0,2.0,1.0,1.0,2.0,0.0,1.0,2.0,0.0,1.0,0.0,2.0,0.0,0.0,0.0,1,0.0,0,,completed,2025-04-03 09:24:48,,2025-04-03 09:27:04,00f48360d5,,1350-269,1350-269,38.718381,-9.164855,27.0
8ji9uycqnzkrhgz68ji9uvk7g31s0v7v,1700-304,50-64 anos,Mais de 20 anos,1,,,,2.0,2.0,1.0,0.0,2.0,1.0,1.0,2.0,0.0,1.0,,0.0,0.0,0.0,2.0,3.0,0.0,0.0,0,0.0,1,1.0,completed,2025-04-03 09:17:38,,2025-04-03 09:21:31,c87ec64d52,,1700-304,1700-304,38.753463,-9.142924,61.0
vqa6udj84t8kuenaz77vqa691fsrvyfn,2795-232,50-64 anos,Mais de 20 anos,0,1.0,0.0,2.0,0.0,1.0,0.0,2.0,0.0,2.0,2.0,1.0,0.0,0.0,2.0,0.0,1.0,0.0,3.0,1.0,1.0,1.0,0,2.0,0,,completed,2025-04-03 08:22:49,,2025-04-03 08:26:23,3d5258fad9,,2795-232,2795-232,38.704103,-9.240096,385.0
whmiqnpxx1uuucur2uwhmtd0paj3casq,2705-061,50-64 anos,,1,,,,0.0,2.0,0.0,1.0,0.0,2.0,2.0,1.0,0.0,1.0,2.0,0.0,0.0,0.0,3.0,1.0,1.0,1.0,1,1.0,0,,completed,2025-04-03 07:39:41,,2025-04-03 07:41:54,4637378c8d,,2705-061,2705-061,38.830587,-9.466572,735.0
j6m45i1zir8z8wfyj6m4fwhvziy0aqer,1675155,65+ anos,Mais de 20 anos,0,2.0,1.0,1.0,2.0,2.0,0.0,0.0,0.0,2.0,2.0,0.0,0.0,0.0,2.0,1.0,1.0,1.0,3.0,1.0,1.0,2.0,0,0.0,0,,completed,2025-04-03 07:19:13,,2025-04-03 07:24:18,1a6b32f24d,,1675-155,1675-155,38.77837,-9.203751,-1.0
13qydpcsmrlkkef0lrp313qydzxl1yb6,1000-164,20-29 anos,Menos de 1 ano,2,2.0,2.0,1.0,,,,,0.0,2.0,2.0,0.0,0.0,1.0,0.0,0.0,1.0,0.0,1.0,1.0,1.0,1.0,1,0.0,0,,completed,2025-04-03 06:29:02,,2025-04-03 06:30:59,0c392320e0,,1000-164,1000-164,38.739419,-9.138952,216.0
7jkw708xfhjk68r57jkw708qrs6zbckp,1200/603,30-49 anos,Mais de 20 anos,1,,,,0.0,1.0,2.0,0.0,0.0,2.0,2.0,0.0,0.0,0.0,2.0,0.0,0.0,0.0,1.0,0.0,3.0,1.0,0,0.0,1,0.0,completed,2025-04-03 05:28:38,,2025-04-03 05:31:36,ee0ae5877a,,1200-603,1200-603,38.711573,-9.156639,1505.0
4os0xvutslf7i8p7m84os0xvurrszksr,1990-036,30-49 anos,11 a 20 anos,1,,,,2.0,0.0,0.0,1.0,0.0,2.0,1.0,1.0,0.0,1.0,3.0,0.0,0.0,0.0,3.0,0.0,1.0,1.0,1,1.0,1,0.0,completed,2025-04-02 22:53:46,,2025-04-02 22:56:33,a6f56b0205,,1990-036,1990-036,38.761726,-9.099656,279.0
yol1l38koqyv209m5yol1loxcttte3yu,1685-188,50-64 anos,1 a 5 anos,0,1.0,0.0,2.0,2.0,2.0,0.0,1.0,1.0,0.0,,0.0,0.0,2.0,2.0,0.0,1.0,0.0,3.0,2.0,1.0,1.0,1,0.0,0,,completed,2025-04-02 21:54:03,,2025-04-02 21:57:22,2bdfb940fe,,1685-188,1685-188,38.802469,-9.205026,-1.0
emjwq20mm481t4ykemjwq2y6k4zsjnns,1900-267,20-29 anos,1 a 5 anos,1,,,,2.0,1.0,0.0,1.0,1.0,2.0,2.0,0.0,0.0,2.0,2.0,0.0,1.0,1.0,1.0,1.0,0.0,0.0,0,2.0,1,2.0,completed,2025-04-02 21:06:35,,2025-04-02 21:09:01,de913b4cd6,,1900-267,1900-267,38.738727,-9.1304,28.0
pkf1buxtz4dhgayss0zpkf1b9e8tmofy,1500-185,50-64 anos,Mais de 20 anos,1,,,,2.0,2.0,0.0,2.0,0.0,1.0,1.0,1.0,0.0,0.0,1.0,1.0,0.0,1.0,2.0,0.0,0.0,2.0,0,0.0,0,,completed,2025-04-02 20:59:13,,2025-04-02 21:02:47,8363fafcf5,,1500-185,1500-185,38.754241,-9.187133,126.0
ix3h9ayzihzix3hmba7i6eta51wanuvj,2780-151,50-64 anos,Mais de 20 anos,1,,,,2.0,2.0,0.0,1.0,0.0,1.0,1.0,1.0,0.0,1.0,2.0,0.0,0.0,0.0,3.0,1.0,1.0,1.0,1,1.0,0,,completed,2025-04-02 20:51:04,,2025-04-02 20:53:42,74af2c7388,,2780-151,2780-151,38.692549,-9.325645,433.0
21jytzrlpgv6koyxsqbr8m21jytze8bi,2610-035,50-64 anos,Mais de 20 anos,1,,,,2.0,2.0,0.0,1.0,1.0,2.0,2.0,0.0,0.0,1.0,2.0,0.0,0.0,1.0,3.0,0.0,1.0,1.0,1,1.0,0,,completed,2025-04-02 20:13:50,,2025-04-02 20:17:21,630cd7a110,,2610-035,2610-035,38.7314,-9.214759,962.0
4quw2m8x5li7le4quw2297lx4opbyd8z,1495019,50-64 anos,Mais de 20 anos,1,,,,2.0,0.0,0.0,0.0,2.0,1.0,1.0,2.0,0.0,0.0,2.0,0.0,1.0,1.0,1.0,0.0,0.0,2.0,0,0.0,2,,completed,2025-04-02 20:04:09,,2025-04-02 20:06:44,1d09920d95,,1495-019,1495-019,38.706053,-9.226489,379.0
r78ekz69wocc4hq9r78q67gmivng71xy,1500-002,20-29 anos,1 a 5 anos,1,,,,2.0,2.0,0.0,0.0,0.0,1.0,2.0,2.0,0.0,2.0,1.0,0.0,0.0,0.0,3.0,0.0,0.0,0.0,2,0.0,0,,completed,2025-04-02 20:01:55,,2025-04-02 20:04:37,39fc233e13,,1500-002,1500-002,38.751148,-9.208303,123.0
oo2065vcyvwduoo20659m1dwf8i79jmg,1400 117,50-64 anos,11 a 20 anos,1,,,,2.0,2.0,0.0,1.0,0.0,0.0,2.0,0.0,0.0,0.0,2.0,0.0,1.0,0.0,3.0,1.0,3.0,1.0,0,0.0,0,,completed,2025-04-02 19:40:40,,2025-04-02 19:43:17,0c77dee2a7,,1400-117,1400-117,38.698247,-9.214939,9.0
meb69rueor8irp2w0meb6sn2mwq51v2t,1750-413,65+ anos,11 a 20 anos,1,,,,0.0,0.0,0.0,0.0,0.0,2.0,2.0,0.0,0.0,1.0,1.0,0.0,0.0,1.0,1.0,0.0,0.0,2.0,0,0.0,0,,completed,2025-04-02 19:29:15,,2025-04-02 19:33:27,12517b9ef2,,1750-413,1750-413,38.771264,-9.15491,258.0
prevxmghedzdui28gyprexcnyecgh5k1,2740-302,30-49 anos,6 a 10 anos,1,,,,2.0,2.0,0.0,1.0,0.0,1.0,1.0,0.0,0.0,1.0,2.0,0.0,0.0,0.0,3.0,1.0,1.0,1.0,1,1.0,1,,completed,2025-04-02 19:12:19,,2025-04-02 19:14:34,f65832fd9c,,2740-302,2740-302,38.718507,-9.304042,347.0
nx3xs57wwfw2a1ginx3xs5l7hnhph2j7,1900-311,50-64 anos,11 a 20 anos,2,0.0,2.0,0.0,,,,,0.0,0.0,0.0,1.0,1.0,3.0,2.0,0.0,0.0,0.0,3.0,1.0,0.0,1.0,1,1.0,0,,completed,2025-04-02 18:30:19,,2025-04-02 18:33:31,9542598de6,,1900-311,1900-311,38.731831,-9.114655,82.0
50f11ruo1ajgs2ic732ne0c50f1wembp,2770-072,30-49 anos,6 a 10 anos,1,,,,2.0,2.0,0.0,1.0,1.0,2.0,1.0,0.0,0.0,0.0,2.0,0.0,0.0,0.0,3.0,1.0,1.0,2.0,1,1.0,1,2.0,completed,2025-04-02 18:20:32,,2025-04-02 18:22:46,2e9da53a5c,,2770-072,2770-072,38.705179,-9.297623,390.0
9fzj0prms034or55opui69fzj0prmsnh,2675-587,50-64 anos,Mais de 20 anos,1,,,,2.0,0.0,0.0,1.0,2.0,1.0,1.0,1.0,0.0,1.0,1.0,0.0,1.0,0.0,3.0,1.0,1.0,2.0,0,0.0,0,,completed,2025-04-02 18:13:48,,2025-04-02 18:17:11,14c57e079e,,2675-587,2675-587,38.798887,-9.180704,1779.0
2tbz42c9i0mo2jammm2tbz42cnb2csnj,2785-743,20-29 anos,,0,0.0,0.0,0.0,2.0,2.0,0.0,1.0,1.0,1.0,2.0,2.0,0.0,2.0,2.0,1.0,1.0,0.0,1.0,2.0,3.0,1.0,0,1.0,0,,completed,2025-04-02 18:10:02,,2025-04-02 18:13:35,7dd7cff449,,2785-743,2785-743,38.708502,-9.351803,1880.0
xjnfy9xq1803ug8txjnfytf4cdwpcru6,1495-100,30-49 anos,1 a 5 anos,2,2.0,1.0,1.0,,,,,2.0,1.0,1.0,2.0,0.0,1.0,2.0,0.0,0.0,0.0,3.0,1.0,3.0,1.0,1,1.0,1,0.0,completed,2025-04-02 17:59:46,,2025-04-02 18:03:32,1eb76e9975,,1495-100,1495-100,38.700028,-9.231551,374.0
3qlbq6bnhvdpfsbq03qlbq6zt7dsetid,1100100,50-64 anos,Mais de 20 anos,1,,,,,1.0,0.0,0.0,,1.0,,2.0,0.0,1.0,2.0,1.0,0.0,1.0,0.0,3.0,2.0,2.0,0,2.0,2,,completed,2025-04-02 17:40:53,,2025-04-02 17:42:51,3ef9a8d75d,,1100-100,1100-100,38.720094,-9.13427,1475.0
vseisw83ki2xuebv758vseisw02o4f42,1700-165,30-49 anos,6 a 10 anos,0,2.0,1.0,0.0,0.0,0.0,0.0,0.0,2.0,1.0,2.0,2.0,0.0,2.0,3.0,0.0,2.0,0.0,2.0,2.0,1.0,1.0,0,2.0,0,,completed,2025-04-02 17:21:40,,2025-04-02 17:24:32,2dd3a92ec4,,1700-165,1700-165,38.749102,-9.139473,36.0
em9kcro07oq3oljzqem9kcrsgiyp4sbn,2775-704,50-64 anos,,1,,,,,2.0,,1.0,,1.0,,1.0,,1.0,3.0,,0.0,,3.0,1.0,,1.0,1,,0,,completed,2025-04-02 17:09:27,,2025-04-02 17:12:05,814bfd3151,,2775-704,2775-704,38.691179,-9.340138,1123.0
lqm9m4yvoqu2bszcc5oi9t53lqm9m4h7,2675-678,20-29 anos,Menos de 1 ano,0,0.0,0.0,0.0,2.0,0.0,0.0,2.0,2.0,1.0,1.0,1.0,0.0,1.0,2.0,0.0,1.0,0.0,1.0,1.0,3.0,1.0,0,1.0,1,2.0,completed,2025-04-02 16:43:34,,2025-04-02 16:51:13,8369ffaa30,,2675-678,2675-678,38.787931,-9.189332,1808.0
y09442neu1moz2lovjy0944vulcwe9nb,1500-590,30-49 anos,1 a 5 anos,2,2.0,2.0,0.0,,,,,0.0,2.0,2.0,1.0,0.0,2.0,1.0,0.0,1.0,0.0,3.0,2.0,3.0,2.0,0,0.0,2,,completed,2025-04-02 16:37:10,,2025-04-02 16:39:37,33057f3cb9,,1500-590,1500-590,38.745923,-9.176925,127.0
6883dipnhuo9bdxv11lf688kwb8sdc8q,1500-442,50-64 anos,6 a 10 anos,1,,,,2.0,0.0,0.0,2.0,0.0,1.0,1.0,2.0,0.0,1.0,2.0,0.0,0.0,0.0,1.0,0.0,0.0,1.0,1,0.0,0,,completed,2025-04-02 16:33:38,,2025-04-02 16:36:48,278994cd01,,1500-442,1500-442,38.748433,-9.186499,114.0
p77ntjyb1ege7hy8p77ocligfygcfyrg,1600-207,50-64 anos,Mais de 20 anos,0,2.0,1.0,1.0,2.0,0.0,1.0,2.0,1.0,0.0,0.0,0.0,0.0,3.0,2.0,1.0,0.0,0.0,1.0,2.0,3.0,2.0,0,0.0,0,,completed,2025-04-02 16:28:44,,2025-04-02 16:31:24,4e9108ec7c,,1600-207,1600-207,38.743842,-9.153439,-1.0
3y31lt3evulb6i6pfpm8hh3y31lt3e65,1500-024,30-49 anos,1 a 5 anos,2,2.0,1.0,1.0,,,,,2.0,,1.0,0.0,0.0,1.0,1.0,0.0,0.0,0.0,1.0,1.0,3.0,1.0,1,1.0,0,,completed,2025-04-02 16:12:04,,2025-04-02 16:14:06,32d973ecd7,,1500-024,1500-024,38.757663,-9.186165,138.0
xrlind03nx8dbtqvbexrlinulypu3h8h,1495-686,20-29 anos,1 a 5 anos,0,0.0,2.0,1.0,2.0,0.0,0.0,2.0,1.0,2.0,1.0,2.0,0.0,1.0,2.0,0.0,0.0,0.0,3.0,0.0,1.0,1.0,1,1.0,2,,completed,2025-04-02 16:07:16,,2025-04-02 16:10:48,6423f56602,,1495-686,1495-686,38.701825,-9.249312,476.0
ey7zm3olwc6801tzl8mxrey7zm3ofljz,1000-195,30-49 anos,11 a 20 anos,1,,,,0.0,0.0,0.0,0.0,0.0,2.0,2.0,1.0,0.0,1.0,3.0,0.0,1.0,0.0,1.0,0.0,0.0,2.0,1,0.0,2,,completed,2025-04-02 15:52:41,,2025-04-02 15:55:33,7f4c9abe3d,,1000-195,1000-195,38.744339,-9.135795,36.0
l5ra26f6knw3ouql5ra2hspfkf3rgnfi,1170-242,30-49 anos,1 a 5 anos,0,2.0,1.0,1.0,2.0,0.0,0.0,2.0,2.0,2.0,2.0,1.0,0.0,0.0,2.0,1.0,1.0,0.0,2.0,1.0,0.0,0.0,2,2.0,2,,completed,2025-04-02 15:39:44,,2025-04-02 15:42:23,2c0668312d,,1170-242,1170-242,38.726145,-9.132938,1527.0
lmvo7w0t6llv8maz4d9lmvo7oyg9q47v,1600-810,50-64 anos,Mais de 20 anos,0,0.0,2.0,0.0,2.0,0.0,0.0,2.0,0.0,1.0,1.0,1.0,0.0,1.0,1.0,0.0,0.0,0.0,1.0,0.0,0.0,2.0,0,0.0,0,,completed,2025-04-02 14:12:43,,2025-04-02 14:15:55,779e554515,,1600-810,1600-810,38.761026,-9.177788,189.0
nr2ifbeq0dafgiaxucowxynr2ifbe8ig,1885-016,30-49 anos,,2,2.0,2.0,0.0,,,,,2.0,2.0,2.0,2.0,0.0,3.0,2.0,0.0,0.0,0.0,2.0,0.0,0.0,1.0,1,2.0,0,,completed,2025-04-02 13:54:17,,2025-04-02 13:56:59,dd4309f254,,1885-016,1885-016,38.777463,-9.104971,1442.0
a4i8pkrzd10i319nc6a4i8p9svuduydt,1700-348,50-64 anos,6 a 10 anos,0,0.0,2.0,1.0,0.0,1.0,0.0,0.0,1.0,0.0,2.0,0.0,0.0,1.0,3.0,0.0,1.0,2.0,0.0,3.0,2.0,0.0,0,2.0,2,,completed,2025-04-02 13:46:11,,2025-04-02 13:49:18,aaad9ca2d7,,1700-348,1700-348,38.751072,-9.142823,40.0
lq5xmomxno262dblq5xmtv8u6o5761yh,2755-055,30-49 anos,11 a 20 anos,1,,,,2.0,2.0,0.0,1.0,1.0,1.0,1.0,1.0,0.0,2.0,2.0,0.0,0.0,0.0,1.0,1.0,1.0,1.0,1,1.0,0,,completed,2025-04-02 13:45:20,,2025-04-02 13:48:22,b1db61645a,,2755-055,2755-055,38.715422,-9.425356,687.0
m817b5yjm0z5zdm817xhrbqdzfb0pttu,2790-060,50-64 anos,Mais de 20 anos,0,0.0,0.0,0.0,0.0,1.0,0.0,0.0,2.0,2.0,2.0,1.0,0.0,1.0,1.0,0.0,1.0,1.0,2.0,0.0,0.0,2.0,0,0.0,0,,completed,2025-04-02 13:29:45,,2025-04-02 13:41:33,41037270a6,,2790-060,2790-060,38.729681,-9.243964,449.0
qhcb8ftnm7xokszf7bqhcb8fjvwqw6l9,1600-175,30-49 anos,1 a 5 anos,1,,,,0.0,0.0,0.0,2.0,0.0,2.0,2.0,1.0,0.0,2.0,2.0,0.0,1.0,0.0,1.0,0.0,1.0,0.0,2,0.0,0,,completed,2025-04-02 13:10:16,,2025-04-02 13:12:15,7d1205a39b,,1600-175,1600-175,38.745922,-9.168254,137.0
y7bu71irpc6vaolstmy7bu7rmpoj1jw2,1600-743,13-19 anos,,0,2.0,1.0,1.0,2.0,0.0,0.0,2.0,1.0,0.0,0.0,0.0,0.0,3.0,2.0,0.0,,0.0,2.0,1.0,0.0,1.0,1,0.0,1,1.0,completed,2025-04-02 13:09:53,,2025-04-02 13:12:26,36ad7fe27b,,1600-743,1600-743,38.7706,-9.190167,188.0
1s4f74305xuh1s41y016ao9o5fan8yuf,1700-256,20-29 anos,,1,,,,0.0,1.0,0.0,0.0,2.0,1.0,1.0,2.0,0.0,1.0,1.0,0.0,0.0,0.0,2.0,3.0,3.0,1.0,1,1.0,0,,completed,2025-04-02 13:09:09,,2025-04-02 13:11:17,5638178cbc,,1700-256,1700-256,38.746408,-9.147124,35.0
7xjnozwnxxlruama0fqs97xjnozwvz98,2790-379,20-29 anos,11 a 20 anos,0,2.0,2.0,1.0,2.0,0.0,1.0,2.0,0.0,0.0,1.0,1.0,0.0,1.0,0.0,0.0,0.0,0.0,1.0,1.0,3.0,1.0,1,0.0,0,,completed,2025-04-02 13:08:23,,2025-04-02 13:13:02,57c0851299,,2790-379,2790-379,38.719893,-9.251628,376.0
splsu6z0algd92xw0p6spls9x0xhlyg2,1250-018,30-49 anos,6 a 10 anos,1,,,,0.0,1.0,0.0,0.0,0.0,1.0,2.0,1.0,0.0,1.0,2.0,0.0,0.0,0.0,1.0,0.0,3.0,0.0,0,0.0,0,,completed,2025-04-02 13:08:20,,2025-04-02 13:11:01,554de63ab0,,1250-018,1250-018,38.71783,-9.16316,27.0
9cmv4n9pswsaem7r5z9cmv4lxxvnxo71,1600-743,50-64 anos,11 a 20 anos,0,1.0,0.0,2.0,0.0,0.0,2.0,1.0,1.0,0.0,0.0,0.0,0.0,3.0,2.0,1.0,1.0,1.0,0.0,1.0,2.0,1.0,0,0.0,2,,completed,2025-04-02 13:02:13,,2025-04-02 13:04:26,73e9329007,,1600-743,1600-743,38.7706,-9.190167,188.0
kf72mv2shgvnwk90ukf72r6qgedpushj,2765-253,30-49 anos,11 a 20 anos,1,,,,2.0,2.0,0.0,1.0,0.0,0.0,1.0,0.0,0.0,1.0,1.0,0.0,0.0,0.0,3.0,1.0,1.0,1.0,1,1.0,0,,completed,2025-04-02 13:01:08,,2025-04-02 13:04:03,026d32e7a1,,2765-253,2765-253,38.707044,-9.399384,1224.0
5cu58rw8q69ofk7arvj5cu5zdapqfwem,1600-075,30-49 anos,11 a 20 anos,0,0.0,2.0,0.0,2.0,2.0,0.0,1.0,0.0,2.0,2.0,1.0,0.0,3.0,2.0,1.0,2.0,0.0,3.0,3.0,0.0,1.0,0,0.0,0,,completed,2025-04-02 12:45:24,,2025-04-02 12:47:17,e517d2b2a9,,1600-075,1600-075,38.754221,-9.16732,63.0
6fnu3y0jbkolxjkpgca6fnu3unqwjw3e,1000-095,30-49 anos,1 a 5 anos,0,0.0,2.0,0.0,0.0,0.0,0.0,0.0,2.0,1.0,1.0,1.0,0.0,2.0,2.0,0.0,0.0,0.0,1.0,1.0,1.0,1.0,1,1.0,0,,completed,2025-04-02 12:43:49,,2025-04-02 12:47:05,f143d8a074,,1000-095,1000-095,38.743099,-9.135373,-1.0
zfz4jul8ye782pjdr9nzfz4bl2xmvs2c,2660-444,30-49 anos,11 a 20 anos,1,,,,2.0,0.0,0.0,0.0,2.0,1.0,2.0,2.0,0.0,1.0,2.0,0.0,1.0,0.0,3.0,0.0,0.0,2.0,0,1.0,0,,completed,2025-04-02 12:40:04,,2025-04-02 12:43:34,060542b3c5,,2660-444,2660-444,38.816135,-9.158153,1298.0
tjsk3xyapkh62r1ixctjsk3xymttvm31,2710-358,13-19 anos,11 a 20 anos,0,0.0,2.0,0.0,2.0,2.0,1.0,1.0,1.0,2.0,1.0,0.0,0.0,0.0,2.0,1.0,1.0,0.0,3.0,1.0,1.0,2.0,0,1.0,0,,completed,2025-04-02 12:36:54,,2025-04-02 12:39:40,834fb018c4,,2710-358,2710-358,38.813197,-9.368788,836.0
epbsyhfu2b42ticgvl31qepbsyhf2mki,1250-076,50-64 anos,6 a 10 anos,1,,,,0.0,0.0,0.0,2.0,2.0,1.0,1.0,2.0,0.0,0.0,2.0,1.0,1.0,0.0,1.0,2.0,1.0,1.0,0,0.0,0,,completed,2025-04-02 12:35:20,,2025-04-02 12:38:15,eda2065b8c,,1250-076,1250-076,38.719182,-9.157349,236.0
bzuw6fr50927pe8is98bzuvlrxl8g05v,2720-313,20-29 anos,6 a 10 anos,0,2.0,1.0,0.0,2.0,2.0,0.0,1.0,1.0,2.0,0.0,0.0,0.0,0.0,2.0,1.0,2.0,0.0,1.0,1.0,3.0,,1,1.0,1,1.0,completed,2025-04-02 12:33:27,,2025-04-02 12:37:57,213bf4197b,,2720-313,2720-313,38.748155,-9.232539,970.0
94wpxwv8ucb6eq3194wpxwdf8hya1dbi,1600-207,20-29 anos,Mais de 20 anos,2,2.0,1.0,0.0,,,,,1.0,2.0,2.0,0.0,0.0,0.0,2.0,1.0,2.0,0.0,1.0,2.0,0.0,2.0,0,0.0,1,1.0,completed,2025-04-02 12:29:09,,2025-04-02 12:32:46,252dc8eb4c,,1600-207,1600-207,38.743842,-9.153439,-1.0
361ez88pshn32tcdcnjtss361ez84gzt,1300-906,30-49 anos,1 a 5 anos,2,2.0,2.0,0.0,,,,,0.0,2.0,2.0,1.0,0.0,0.0,2.0,1.0,1.0,0.0,2.0,1.0,0.0,2.0,0,0.0,0,,completed,2025-04-02 12:27:30,,2025-04-02 12:29:46,6f55dc7014,,1300-906,1300-906,38.712541,-9.175925,-1.0
uqjiic4605hhnmouqjiic4d01sipsr7q,1990-100,30-49 anos,1 a 5 anos,1,,,,2.0,0.0,0.0,2.0,0.0,2.0,1.0,2.0,0.0,1.0,1.0,0.0,1.0,0.0,1.0,3.0,3.0,0.0,2,2.0,0,,completed,2025-04-02 12:26:21,,2025-04-02 12:27:56,dfa313822a,,1990-100,1990-100,38.760503,-9.09453,70.0
71ha6ljb7odql2bw71g9rg7edtry699d,1200-280,30-49 anos,6 a 10 anos,0,2.0,1.0,0.0,0.0,0.0,0.0,2.0,2.0,2.0,2.0,2.0,0.0,2.0,1.0,0.0,1.0,0.0,3.0,0.0,0.0,2.0,0,0.0,0,,completed,2025-04-02 12:23:00,,2025-04-02 12:26:09,874ba4743e,,1200-280,1200-280,38.716497,-9.15126,1587.0
x89j3ykbabebypafwox89j3ykp0y671r,1350-140,30-49 anos,Mais de 20 anos,1,,,,0.0,0.0,2.0,0.0,2.0,1.0,0.0,1.0,0.0,3.0,1.0,1.0,1.0,1.0,2.0,2.0,1.0,0.0,2,2.0,2,,completed,2025-04-02 12:17:04,,2025-04-02 12:19:30,abd05f4e83,,1350-140,1350-140,38.71741,-9.16643,27.0
hauqlnvppb818t561yehauqlvbdgq04n,2660-532,20-29 anos,Menos de 1 ano,1,,,,2.0,0.0,0.0,1.0,1.0,0.0,2.0,0.0,0.0,2.0,2.0,1.0,1.0,0.0,1.0,2.0,3.0,1.0,0,0.0,1,0.0,completed,2025-04-02 11:55:39,,2025-04-02 11:56:24,3e4cde0034,,2660-532,2660-532,38.858459,-9.140969,1259.0
eqe6u43z5tnh824awweqe6u43z8pa9b9,1500-064,30-49 anos,6 a 10 anos,0,0.0,0.0,0.0,2.0,2.0,0.0,2.0,0.0,2.0,0.0,2.0,0.0,3.0,1.0,1.0,1.0,0.0,3.0,1.0,1.0,1.0,1,1.0,0,,completed,2025-04-02 11:55:03,,2025-04-02 12:01:01,bbaa4bec37,,1500-064,1500-064,38.75425,-9.204895,116.0
alobg3jftd40b0ralobgrsaaexi7yy5s,2795-058,30-49 anos,6 a 10 anos,1,,,,2.0,0.0,0.0,2.0,2.0,1.0,1.0,2.0,0.0,1.0,1.0,1.0,0.0,0.0,1.0,0.0,1.0,1.0,1,1.0,0,,completed,2025-04-02 11:51:46,,2025-04-02 11:54:21,b44d270e7a,,2795-058,2795-058,38.714414,-9.234377,380.0
xnjrwe6t3xepftjxnjrwl4tpzhek23i6,1250-225,30-49 anos,11 a 20 anos,1,,,,2.0,0.0,0.0,2.0,0.0,0.0,2.0,1.0,0.0,1.0,1.0,0.0,0.0,0.0,3.0,0.0,0.0,2.0,0,1.0,0,,completed,2025-04-02 11:50:35,,2025-04-02 11:52:40,078f22584e,,1250-225,1250-225,38.721896,-9.154313,27.0
hfuo6y1a0lkzegx5df5vhfuo6ycbdb3h,1100-584,30-49 anos,1 a 5 anos,2,2.0,1.0,1.0,,,,,2.0,1.0,1.0,2.0,0.0,0.0,1.0,1.0,2.0,2.0,1.0,1.0,2.0,0.0,2,2.0,2,,completed,2025-04-02 11:50:30,,2025-04-02 11:52:50,5460c5ca84,,1100-584,1100-584,38.715369,-9.135209,1462.0
7ny2niiunbfwqwwf8bib7ny2niiujc5j,1495-207,30-49 anos,6 a 10 anos,1,,,,2.0,0.0,0.0,0.0,1.0,2.0,2.0,1.0,0.0,1.0,2.0,0.0,0.0,0.0,3.0,0.0,0.0,1.0,1,0.0,1,0.0,completed,2025-04-02 11:46:23,,2025-04-02 13:10:00,bfb5296fe3,,1495-207,1495-207,38.700502,-9.249316,476.0
2yy55xi3ax8v59hds2v2yy55xnynukbs,2675-447,30-49 anos,6 a 10 anos,2,0.0,2.0,0.0,,,,,0.0,2.0,2.0,2.0,0.0,0.0,2.0,1.0,1.0,1.0,2.0,2.0,0.0,1.0,0,0.0,1,0.0,completed,2025-04-02 11:44:08,,2025-04-02 11:46:31,07e16190ec,,2675-447,2675-447,38.791249,-9.178178,1774.0
0j891xllp4sbv90xjmi6uli0j891xlj7,1900-018,30-49 anos,1 a 5 anos,0,0.0,1.0,1.0,2.0,2.0,0.0,0.0,2.0,1.0,1.0,1.0,0.0,2.0,2.0,1.0,1.0,0.0,1.0,0.0,3.0,1.0,1,1.0,0,,completed,2025-04-02 11:32:30,,2025-04-02 11:35:02,89951001fe,,1900-018,1900-018,38.739541,-9.132029,28.0
pe4dvyqdku91717s2t87ppe4dvyqsqvd,1700-077,30-49 anos,6 a 10 anos,2,2.0,2.0,0.0,,,,,2.0,1.0,1.0,2.0,0.0,1.0,1.0,0.0,0.0,1.0,3.0,2.0,0.0,1.0,1,0.0,0,,completed,2025-04-02 11:30:47,,2025-04-02 11:36:45,ad4d191f55,,1700-077,1700-077,38.758172,-9.141351,38.0
f99wpquqfy5myd39ar1jtf99ysid14mc,1300-149,30-49 anos,6 a 10 anos,1,,,,0.0,2.0,0.0,1.0,2.0,1.0,1.0,1.0,0.0,2.0,2.0,0.0,0.0,0.0,2.0,0.0,0.0,1.0,0,0.0,1,0.0,completed,2025-04-02 11:30:07,,2025-04-02 11:32:05,1e6b31f5d0,,1300-149,1300-149,38.703693,-9.175914,1490.0
swqm1ug46or5n8q7swzbvg9kchrywh91,1250-001,50-64 anos,1 a 5 anos,0,2.0,1.0,1.0,0.0,0.0,0.0,1.0,2.0,1.0,2.0,2.0,0.0,1.0,1.0,0.0,0.0,0.0,1.0,0.0,1.0,0.0,0,0.0,0,,completed,2025-04-02 11:28:36,,2025-04-02 11:31:25,6d27a1ff7a,,1250-001,1250-001,38.721625,-9.157874,27.0
0riwkpyssjp4vqws3ac0riwklze8sfk4,1900-211,30-49 anos,Menos de 1 ano,0,2.0,2.0,0.0,2.0,0.0,0.0,1.0,1.0,0.0,2.0,1.0,1.0,2.0,2.0,0.0,1.0,1.0,1.0,2.0,3.0,1.0,1,0.0,0,,completed,2025-04-02 11:20:21,,2025-04-02 11:23:06,c7152a35da,,1900-211,1900-211,38.733109,-9.129268,-1.0
nvye6ntvldpzoqotac9nvye6neji9wkk,2730-003,20-29 anos,6 a 10 anos,0,2.0,2.0,0.0,2.0,0.0,0.0,1.0,1.0,0.0,1.0,0.0,0.0,0.0,2.0,0.0,0.0,0.0,3.0,1.0,1.0,1.0,0,1.0,1,0.0,completed,2025-04-02 11:17:19,,2025-04-02 11:23:04,92446aa086,,2730-003,2730-003,38.746126,-9.278953,408.0
n3cn8l75mc83n3cbhu6uq52nol8k5nik,1700-076,30-49 anos,11 a 20 anos,1,,,,1.0,1.0,0.0,2.0,2.0,1.0,1.0,2.0,0.0,1.0,1.0,0.0,0.0,0.0,2.0,3.0,2.0,1.0,1,1.0,1,0.0,completed,2025-04-02 11:15:16,,2025-04-02 11:16:54,fa281d9b78,,1700-076,1700-076,38.758172,-9.141351,38.0
0cy7i0elabmk8vusm8vkh0cy7iup33b7,2685-182,65+ anos,,2,0.0,,0.0,,,,,0.0,1.0,2.0,1.0,0.0,1.0,2.0,0.0,0.0,0.0,1.0,2.0,3.0,1.0,0,1.0,0,,completed,2025-04-02 11:10:32,,2025-04-02 11:14:03,8c628baa65,,2685-182,2685-182,38.78509,-9.110708,1447.0
z8uu7w3788aic3ijmfz8uu7blfbp3r3f,1500-431,20-29 anos,,2,2.0,1.0,0.0,,,,,0.0,2.0,2.0,,0.0,1.0,,0.0,0.0,0.0,2.0,2.0,3.0,1.0,1,0.0,0,,completed,2025-04-02 11:10:27,,2025-04-02 11:13:42,e77f39fd3b,,1500-431,1500-431,38.758467,-9.1881,138.0
ferb1kbkzecarosmjo99glufferb1kbk,1170-311,20-29 anos,11 a 20 anos,0,2.0,2.0,2.0,2.0,2.0,0.0,2.0,1.0,0.0,1.0,0.0,0.0,0.0,1.0,0.0,0.0,0.0,2.0,0.0,2.0,1.0,1,1.0,0,,completed,2025-04-02 11:08:12,,2025-04-02 11:10:32,f3911215b9,,1170-311,1170-311,38.725693,-9.129939,1471.0
1oe7yj9fovyyfd1oe7xksxzgbanl9ozi,1500-047,30-49 anos,1 a 5 anos,2,2.0,1.0,1.0,,,,,2.0,1.0,1.0,2.0,0.0,1.0,1.0,0.0,0.0,0.0,3.0,1.0,1.0,1.0,0,1.0,0,,completed,2025-04-02 11:06:37,,2025-04-02 11:21:54,1954894f14,,1500-047,1500-047,38.746399,-9.178838,127.0
dkoowhnn3ysww9vg3bdkoowhed70cmue,2620-169,20-29 anos,1 a 5 anos,1,,,,0.0,0.0,0.0,2.0,0.0,2.0,2.0,1.0,0.0,2.0,1.0,1.0,1.0,1.0,1.0,2.0,3.0,0.0,0,0.0,1,2.0,completed,2025-04-02 11:06:13,,2025-04-02 11:08:45,6a665f7b93,,2620-169,2620-169,38.803493,-9.188823,1708.0
aoki6v5vowjm2bvroaoki6v5eqpn0yv9,1700-212,30-49 anos,6 a 10 anos,0,2.0,1.0,1.0,2.0,0.0,0.0,1.0,2.0,1.0,1.0,2.0,0.0,1.0,3.0,0.0,0.0,0.0,1.0,1.0,1.0,1.0,1,0.0,0,,completed,2025-04-02 11:04:22,,2025-04-02 11:08:43,02834cc4bd,,1700-212,1700-212,38.745783,-9.136552,36.0
8xyjqd1rad67ree2cqa38xyjqd6ciwrr,1250242,30-49 anos,6 a 10 anos,1,,,,0.0,0.0,0.0,1.0,2.0,1.0,1.0,2.0,0.0,1.0,1.0,0.0,1.0,0.0,2.0,0.0,0.0,1.0,1,0.0,1,0.0,completed,2025-04-02 11:00:19,,2025-04-02 11:02:17,3c0d2f32cb,,1250-242,1250-242,38.717429,-9.159816,25.0
z5puuoiifzb6v4die51uz5puuo03o6s0,1500-020,20-29 anos,1 a 5 anos,0,2.0,1.0,0.0,2.0,0.0,0.0,2.0,2.0,1.0,2.0,2.0,0.0,1.0,1.0,0.0,1.0,1.0,2.0,1.0,0.0,1.0,2,0.0,2,,completed,2025-04-02 10:59:13,,2025-04-02 11:01:50,501d241bba,,1500-020,1500-020,38.747295,-9.201828,121.0
uu8imhvl180bahvibuu8imhvla7u3n2r,1495-100,30-49 anos,1 a 5 anos,2,2.0,1.0,1.0,,,,,2.0,1.0,1.0,2.0,0.0,1.0,1.0,0.0,0.0,0.0,1.0,3.0,1.0,1.0,1,1.0,0,,completed,2025-04-02 10:58:41,,2025-04-02 11:00:18,1eb76e9975,,1495-100,1495-100,38.700028,-9.231551,374.0
7zubkp6hwca26jts50t7zubkeasvhqds,1500-135,50-64 anos,,1,,,,,1.0,,0.0,0.0,2.0,2.0,1.0,0.0,1.0,2.0,1.0,1.0,1.0,2.0,0.0,0.0,1.0,1,0.0,0,,completed,2025-04-02 10:58:36,,2025-04-02 11:01:17,0b5a7a739c,,1500-135,1500-135,38.744974,-9.177155,127.0
b5wgphrmi1fqdwpkteb5wgphry9ly3qa,1300-367,30-49 anos,Mais de 20 anos,1,,,,2.0,0.0,0.0,0.0,2.0,1.0,1.0,1.0,0.0,0.0,2.0,0.0,1.0,0.0,1.0,2.0,1.0,1.0,0,0.0,0,,completed,2025-04-02 10:52:34,,2025-04-02 11:09:00,ad8789d863,,1300-367,1300-367,38.705086,-9.180974,15.0
jn5s57wg5qe7jj6pmjjn5s57wvso7qzp,1990-184,50-64 anos,Mais de 20 anos,1,,,,0.0,0.0,0.0,2.0,2.0,0.0,2.0,0.0,0.0,1.0,,0.0,1.0,0.0,3.0,2.0,3.0,1.0,1,0.0,1,0.0,completed,2025-04-02 10:52:22,,2025-04-02 10:57:47,6d4f601cb0,,1990-184,1990-184,38.756757,-9.095351,276.0
l0cd2yhdftlvblrql0cd2z9jpj57enje,1400-119,50-64 anos,Mais de 20 anos,1,,,,2.0,0.0,0.0,2.0,2.0,1.0,1.0,1.0,0.0,1.0,2.0,1.0,1.0,0.0,1.0,2.0,3.0,2.0,0,2.0,1,1.0,completed,2025-04-02 10:44:49,,2025-04-02 10:48:18,9a7a9f111e,,1400-119,1400-119,38.699723,-9.224792,111.0
c8kx7tjgksjd07f4qkc8kx73q2h03nl0,1600-207,50-64 anos,Mais de 20 anos,1,,,,2.0,2.0,0.0,2.0,1.0,2.0,2.0,0.0,0.0,3.0,2.0,1.0,1.0,0.0,1.0,0.0,1.0,1.0,1,2.0,2,,completed,2025-04-02 10:41:09,,2025-04-02 10:43:47,4e1050e315,,1600-207,1600-207,38.743842,-9.153439,-1.0
28pn54svqmfko6vbb128pnbfpqkt9yjh,1150-119,20-29 anos,1 a 5 anos,0,0.0,2.0,0.0,1.0,1.0,2.0,0.0,0.0,2.0,2.0,1.0,0.0,2.0,2.0,0.0,0.0,0.0,1.0,2.0,3.0,0.0,2,2.0,0,,completed,2025-04-02 10:39:45,,2025-04-02 10:41:25,abe47b34ee,,1150-119,1150-119,38.724253,-9.140902,1538.0
f3nnzo56o29zqk8nvhf4pyf3nnzoqiuj,1200-826,30-49 anos,11 a 20 anos,1,,,,2.0,0.0,1.0,2.0,0.0,0.0,2.0,0.0,0.0,1.0,2.0,0.0,0.0,0.0,3.0,1.0,1.0,2.0,1,1.0,0,,completed,2025-04-02 10:38:56,,2025-04-02 10:43:16,030953ecce,,1200-826,1200-826,38.713982,-9.157744,22.0
pj9u30pomb65s12pj9u30hxxyi6jsg5h,1350-255,30-49 anos,Mais de 20 anos,1,,,,0.0,0.0,0.0,0.0,2.0,1.0,2.0,2.0,0.0,1.0,2.0,1.0,0.0,0.0,3.0,1.0,1.0,1.0,0,0.0,0,,completed,2025-04-02 10:37:38,,2025-04-02 10:40:39,d4ed381864,,1350-255,1350-255,38.715546,-9.171348,99.0
s46ovrukr65yx8bmc67r5s46ovpyfrnw,1350-211,30-49 anos,Mais de 20 anos,2,0.0,2.0,0.0,,,,,2.0,1.0,1.0,2.0,0.0,0.0,1.0,0.0,1.0,0.0,3.0,1.0,1.0,2.0,0,0.0,0,,completed,2025-04-02 10:32:21,,2025-04-02 10:35:31,7a4a4c155c,,1350-211,1350-211,38.715654,-9.172851,99.0
01rfddixxiqnn8e01rfohm6xhg6tf845,1350-036,30-49 anos,,0,2.0,2.0,0.0,2.0,0.0,0.0,0.0,2.0,1.0,1.0,2.0,0.0,1.0,1.0,1.0,0.0,0.0,2.0,0.0,0.0,2.0,0,0.0,1,1.0,completed,2025-04-02 10:29:09,,2025-04-02 10:31:23,d8f7e00008,,1350-036,1350-036,38.717123,-9.168007,27.0
9ljs1y0hkvl32g336w9ljs1ydk72kf9g,1700-077,30-49 anos,1 a 5 anos,1,,,,0.0,0.0,0.0,2.0,2.0,1.0,1.0,2.0,0.0,1.0,1.0,0.0,1.0,0.0,2.0,2.0,1.0,0.0,0,0.0,0,,completed,2025-04-02 10:28:37,,2025-04-02 11:13:18,4b47c95133,,1700-077,1700-077,38.758172,-9.141351,38.0
ias4jevve9t399x6rjiask6a27zi0u9r,1250-152,30-49 anos,11 a 20 anos,1,,,,1.0,1.0,1.0,0.0,2.0,2.0,2.0,1.0,0.0,0.0,2.0,1.0,1.0,1.0,2.0,0.0,0.0,2.0,0,0.0,2,,completed,2025-04-02 10:24:39,,2025-04-02 10:26:35,2add9e4f83,,1250-152,1250-152,38.71783,-9.16316,27.0
fookotj3mpkn1d8811fookybdn435l85,2710-682,30-49 anos,11 a 20 anos,1,,,,2.0,2.0,0.0,1.0,0.0,1.0,1.0,0.0,0.0,2.0,2.0,0.0,0.0,0.0,3.0,0.0,1.0,1.0,1,1.0,0,,completed,2025-04-02 10:24:27,,2025-04-02 10:26:34,438cae99a0,,2710-682,2710-682,38.812992,-9.370941,836.0
hwqkrgljht09bnvpw7hwqkr3ue0ujeww,1350-140,30-49 anos,6 a 10 anos,0,0.0,0.0,0.0,0.0,0.0,0.0,0.0,2.0,1.0,1.0,2.0,1.0,1.0,2.0,0.0,1.0,0.0,1.0,2.0,3.0,2.0,0,0.0,0,,completed,2025-04-02 10:24:21,,2025-04-02 10:28:51,abe47b34ee,,1350-140,1350-140,38.71741,-9.16643,27.0
iaxzkamc9ud7eiaxzbhd00q4vi1zu9nt,1495-682,30-49 anos,1 a 5 anos,1,,,,2.0,2.0,0.0,1.0,1.0,2.0,2.0,1.0,0.0,1.0,2.0,0.0,0.0,0.0,3.0,1.0,1.0,2.0,0,0.0,0,,completed,2025-04-02 10:23:02,,2025-04-02 10:27:06,fba8732b44,,1495-682,1495-682,38.701987,-9.246961,476.0
2fxbf3wemrpeyg22fxbtoslxpao15p5x,1350-214,30-49 anos,,1,,,,2.0,2.0,0.0,0.0,0.0,2.0,2.0,2.0,0.0,1.0,1.0,0.0,0.0,0.0,2.0,0.0,0.0,2.0,0,1.0,0,,completed,2025-04-02 10:22:19,,2025-04-02 10:24:17,cbb1d4d0a6,,1350-214,1350-214,38.708862,-9.167701,24.0
9hfh6k5gqjdz4t99hfh6kavb2hurj9xp,1950-273,30-49 anos,1 a 5 anos,0,2.0,2.0,0.0,2.0,0.0,0.0,1.0,2.0,0.0,0.0,1.0,0.0,1.0,1.0,0.0,0.0,0.0,1.0,0.0,0.0,2.0,0,0.0,1,0.0,completed,2025-04-02 10:21:59,,2025-04-02 10:25:46,03705f7356,,1950-273,1950-273,38.749354,-9.104539,324.0
g8mhpunfrv3o2z8u2z9ecjg8mhpqufmm,1200-297,30-49 anos,Mais de 20 anos,2,0.0,2.0,0.0,,,,,2.0,2.0,2.0,1.0,0.0,1.0,2.0,0.0,1.0,1.0,2.0,0.0,0.0,0.0,2,2.0,1,0.0,completed,2025-04-02 10:21:16,,2025-04-02 10:23:57,b54a4faf8f,,1200-297,1200-297,38.714416,-9.152516,1548.0
m8k2v3e43j5v75mvt5omk1m8k2v3dkrq,1050-087,50-64 anos,1 a 5 anos,1,,,,0.0,1.0,1.0,0.0,1.0,0.0,0.0,0.0,0.0,2.0,1.0,0.0,1.0,1.0,3.0,3.0,2.0,1.0,0,0.0,2,,completed,2025-04-02 10:20:14,,2025-04-02 10:23:35,34fd7d41b3,,1050-087,1050-087,38.727365,-9.146226,200.0
416afsjnh0u1o7wk416gop5fh2wsl9qa,1070-071,30-49 anos,,0,,2.0,,0.0,,0.0,,1.0,,0.0,0.0,0.0,0.0,2.0,1.0,1.0,1.0,1.0,2.0,0.0,2.0,0,2.0,2,,completed,2025-04-02 10:20:01,,2025-04-02 10:22:07,9406c28b69,,1070-071,1070-071,38.732004,-9.163344,183.0
kcdtxidgxqjvjhoxtj4sikcdtxihp6cp,2785 812,30-49 anos,11 a 20 anos,1,,,,2.0,2.0,0.0,1.0,0.0,1.0,2.0,1.0,0.0,1.0,1.0,0.0,0.0,0.0,2.0,2.0,1.0,1.0,0,0.0,0,,completed,2025-04-02 10:19:19,,2025-04-02 10:21:47,2d44eb0228,,2785-812,2785-812,38.710646,-9.328916,1204.0
7fi1trtr9ym3k64k6xk2ur7fi1trzn6e,1050-048,30-49 anos,6 a 10 anos,1,,,,1.0,0.0,0.0,0.0,0.0,0.0,2.0,1.0,0.0,1.0,3.0,0.0,0.0,0.0,2.0,1.0,0.0,2.0,0,0.0,1,0.0,completed,2025-04-02 10:15:23,,2025-04-02 10:19:19,9a75b7378b,,1050-048,1050-048,38.746674,-9.149942,60.0
0ckupy9ub3uotjkutb4uap0ckuputlre,1070-230,30-49 anos,6 a 10 anos,0,2.0,2.0,0.0,1.0,1.0,1.0,0.0,1.0,2.0,1.0,0.0,0.0,3.0,3.0,0.0,0.0,0.0,2.0,,0.0,1.0,2,0.0,0,,completed,2025-04-02 10:00:36,,2025-04-02 10:03:46,893929770a,,1070-230,1070-230,38.735205,-9.154684,340.0
ocd44suf7k9qeuoczcm16vjhxdoidz40,2645-163,20-29 anos,11 a 20 anos,1,,,,0.0,0.0,0.0,0.0,2.0,1.0,1.0,1.0,0.0,0.0,3.0,1.0,1.0,1.0,2.0,0.0,1.0,1.0,1,1.0,0,,completed,2025-04-02 09:55:55,,2025-04-02 09:58:38,a8bc62a0f1,,2645-163,2645-163,38.735421,-9.393815,-1.0
yqfwvm7wvp4alx8byqfwvei8k9h7mcix,2785-140,30-49 anos,1 a 5 anos,1,,,,2.0,2.0,0.0,0.0,1.0,0.0,0.0,0.0,1.0,3.0,1.0,1.0,0.0,0.0,3.0,1.0,1.0,1.0,2,0.0,2,,completed,2025-04-02 09:49:20,,2025-04-02 09:56:43,526b198bd6,,2785-140,2785-140,38.72234,-9.35108,1183.0
cmqnp7va7r5i2q6nacmqnp1ysflxe8ui,1600-210,20-29 anos,Mais de 20 anos,0,2.0,1.0,0.0,0.0,1.0,0.0,0.0,0.0,2.0,2.0,0.0,0.0,2.0,2.0,0.0,0.0,1.0,1.0,2.0,3.0,1.0,0,,1,0.0,completed,2025-04-02 09:44:43,,2025-04-02 09:48:04,b4ec116559,,1600-210,1600-210,38.746859,-9.1654,73.0
45n73uztynuzz45hh45nqiwr86d7ap9v,1250-240,30-49 anos,6 a 10 anos,0,2.0,2.0,0.0,0.0,0.0,0.0,0.0,0.0,2.0,2.0,1.0,0.0,1.0,2.0,1.0,1.0,0.0,2.0,2.0,3.0,0.0,2,2.0,0,,completed,2025-04-02 09:35:07,,2025-04-02 09:38:30,9345c32214,,1250-240,1250-240,38.717429,-9.159816,25.0
v209xnww1zhlbfobrjvhqv207x5wmahr,1500-066,20-29 anos,1 a 5 anos,1,,,,2.0,2.0,0.0,0.0,0.0,1.0,2.0,1.0,0.0,2.0,2.0,1.0,1.0,0.0,3.0,1.0,1.0,1.0,1,0.0,0,,completed,2025-04-02 09:29:59,,2025-04-02 09:32:19,06f3c2dfb7,,1500-066,1500-066,38.753419,-9.204964,116.0
zy95bu4724tchm3yvyb8zy95eoca4xvv,1600-489,30-49 anos,11 a 20 anos,0,2.0,1.0,1.0,2.0,2.0,0.0,1.0,2.0,1.0,1.0,2.0,0.0,1.0,2.0,0.0,0.0,0.0,1.0,1.0,0.0,2.0,0,1.0,1,0.0,completed,2025-04-02 09:24:12,,2025-04-02 09:26:27,9a26ace34b,,1600-489,1600-489,38.771701,-9.162373,214.0
mgfdilgnhdftoomgf1sifdgmnx78j3mc,1495-081,30-49 anos,Menos de 1 ano,0,2.0,2.0,0.0,0.0,0.0,0.0,2.0,2.0,1.0,1.0,2.0,0.0,0.0,0.0,0.0,0.0,0.0,1.0,2.0,3.0,1.0,1,1.0,0,,completed,2025-04-02 09:09:49,,2025-04-02 09:14:21,18c1a4d5c3,,1495-081,1495-081,38.702647,-9.228774,372.0
